set,condition,index,filename,automated_mos,scoring_method
held_out,baseline,001,baseline_001.wav,3.2088550286462305,dnsmos
held_out,baseline,002,baseline_002.wav,3.1297156519027345,dnsmos
held_out,baseline,003,baseline_003.wav,3.2329748939096654,dnsmos
held_out,baseline,004,baseline_004.wav,3.2013406579557606,dnsmos
held_out,baseline,005,baseline_005.wav,3.283621597211035,dnsmos
held_out,baseline,006,baseline_006.wav,3.1313901114150338,dnsmos
held_out,baseline,007,baseline_007.wav,3.102331893753628,dnsmos
held_out,baseline,008,baseline_008.wav,3.1042800100658345,dnsmos
held_out,baseline,009,baseline_009.wav,3.1207815062167135,dnsmos
held_out,baseline,010,baseline_010.wav,3.0702773458588264,dnsmos
held_out,baseline,011,baseline_011.wav,3.0227548352989366,dnsmos
held_out,baseline,012,baseline_012.wav,3.207997726539112,dnsmos
held_out,baseline,013,baseline_013.wav,3.115324568674491,dnsmos
held_out,baseline,014,baseline_014.wav,3.0608075233932084,dnsmos
held_out,baseline,015,baseline_015.wav,3.0169290404847127,dnsmos
held_out,baseline,016,baseline_016.wav,3.122021649890035,dnsmos
held_out,baseline,017,baseline_017.wav,3.007322242998128,dnsmos
held_out,baseline,018,baseline_018.wav,3.073669301559568,dnsmos
held_out,baseline,019,baseline_019.wav,3.3352846106984315,dnsmos
held_out,baseline,020,baseline_020.wav,3.278357378109908,dnsmos
held_out,baseline,021,baseline_021.wav,3.3534177035782533,dnsmos
held_out,baseline,022,baseline_022.wav,3.109250589141255,dnsmos
held_out,baseline,023,baseline_023.wav,3.1698368396293795,dnsmos
held_out,baseline,024,baseline_024.wav,3.259033555069353,dnsmos
held_out,baseline,025,baseline_025.wav,2.969084638973585,dnsmos
held_out,baseline,026,baseline_026.wav,3.1005828327953426,dnsmos
held_out,baseline,027,baseline_027.wav,3.132871833461004,dnsmos
held_out,baseline,028,baseline_028.wav,3.1484957813257233,dnsmos
held_out,baseline,029,baseline_029.wav,3.125533846750939,dnsmos
held_out,baseline,030,baseline_030.wav,2.9041156034081608,dnsmos
held_out,baseline,031,baseline_031.wav,3.1117995324537815,dnsmos
held_out,baseline,032,baseline_032.wav,2.988754639127881,dnsmos
held_out,baseline,033,baseline_033.wav,2.863836931368521,dnsmos
held_out,baseline,034,baseline_034.wav,3.081378395031046,dnsmos
held_out,baseline,035,baseline_035.wav,3.1150253614490317,dnsmos
held_out,baseline,036,baseline_036.wav,3.036398220442781,dnsmos
held_out,baseline,037,baseline_037.wav,3.2434911776781505,dnsmos
held_out,baseline,038,baseline_038.wav,2.9882042078070747,dnsmos
held_out,baseline,039,baseline_039.wav,2.8908738914476033,dnsmos
held_out,baseline,040,baseline_040.wav,2.8798259498814978,dnsmos
held_out,clustered,001,clustered_001.wav,3.1957550441892746,dnsmos
held_out,clustered,002,clustered_002.wav,2.5577031203855647,dnsmos
held_out,clustered,003,clustered_003.wav,3.2389437273868413,dnsmos
held_out,clustered,004,clustered_004.wav,3.2262650460735145,dnsmos
held_out,clustered,005,clustered_005.wav,3.2211137181798257,dnsmos
held_out,clustered,006,clustered_006.wav,3.3119098771193447,dnsmos
held_out,clustered,007,clustered_007.wav,3.3065467096564625,dnsmos
held_out,clustered,008,clustered_008.wav,3.214135278476374,dnsmos
held_out,clustered,009,clustered_009.wav,3.2125948894180563,dnsmos
held_out,clustered,010,clustered_010.wav,2.9343074236051234,dnsmos
held_out,clustered,011,clustered_011.wav,3.136239547900683,dnsmos
held_out,clustered,012,clustered_012.wav,3.2628213065670466,dnsmos
held_out,clustered,013,clustered_013.wav,3.146106226745707,dnsmos
held_out,clustered,014,clustered_014.wav,2.820402096042674,dnsmos
held_out,clustered,015,clustered_015.wav,3.1827305555815326,dnsmos
held_out,clustered,016,clustered_016.wav,3.1569370567838164,dnsmos
held_out,clustered,017,clustered_017.wav,2.820090306582316,dnsmos
held_out,clustered,018,clustered_018.wav,3.1471627232749597,dnsmos
held_out,clustered,019,clustered_019.wav,3.188230399463904,dnsmos
held_out,clustered,020,clustered_020.wav,2.9395754823156794,dnsmos
held_out,clustered,021,clustered_021.wav,3.2994940615154973,dnsmos
held_out,clustered,022,clustered_022.wav,2.978428565115783,dnsmos
held_out,clustered,023,clustered_023.wav,3.1559489398773883,dnsmos
held_out,clustered,024,clustered_024.wav,2.9648015154328276,dnsmos
held_out,clustered,025,clustered_025.wav,3.1386462670799378,dnsmos
held_out,clustered,026,clustered_026.wav,3.0779852707561632,dnsmos
held_out,clustered,027,clustered_027.wav,3.0702137556116913,dnsmos
held_out,clustered,028,clustered_028.wav,3.276248654235145,dnsmos
held_out,clustered,029,clustered_029.wav,2.728380392382648,dnsmos
held_out,clustered,030,clustered_030.wav,3.0999363993423463,dnsmos
held_out,clustered,031,clustered_031.wav,2.96264840748365,dnsmos
held_out,clustered,032,clustered_032.wav,2.9294681627631762,dnsmos
held_out,clustered,033,clustered_033.wav,3.0182976688719556,dnsmos
held_out,clustered,034,clustered_034.wav,3.1037543698186796,dnsmos
held_out,clustered,035,clustered_035.wav,3.052472235984086,dnsmos
held_out,clustered,036,clustered_036.wav,3.1934812957708747,dnsmos
held_out,clustered,037,clustered_037.wav,3.206415238827335,dnsmos
held_out,clustered,038,clustered_038.wav,3.3500508177250063,dnsmos
held_out,clustered,039,clustered_039.wav,2.780676372783128,dnsmos
held_out,clustered,040,clustered_040.wav,2.96380324245442,dnsmos
unseen,baseline,01,baseline_01.wav,3.088259707028013,dnsmos
unseen,baseline,02,baseline_02.wav,2.8980681667128483,dnsmos
unseen,baseline,03,baseline_03.wav,2.9405071761651604,dnsmos
unseen,baseline,04,baseline_04.wav,3.25548377045537,dnsmos
unseen,baseline,05,baseline_05.wav,2.9418816993745285,dnsmos
unseen,baseline,06,baseline_06.wav,3.1230050723423033,dnsmos
unseen,baseline,07,baseline_07.wav,3.1458421503116263,dnsmos
unseen,baseline,08,baseline_08.wav,3.3307191220568497,dnsmos
unseen,baseline,09,baseline_09.wav,2.8476672807024808,dnsmos
unseen,baseline,10,baseline_10.wav,2.6917731360634503,dnsmos
unseen,baseline,11,baseline_11.wav,3.0997708247295166,dnsmos
unseen,baseline,12,baseline_12.wav,2.9338282906345783,dnsmos
unseen,baseline,13,baseline_13.wav,3.240716196693815,dnsmos
unseen,baseline,14,baseline_14.wav,2.9788193600645148,dnsmos
unseen,baseline,15,baseline_15.wav,3.1564190886199692,dnsmos
unseen,baseline,16,baseline_16.wav,2.96361935696201,dnsmos
unseen,baseline,17,baseline_17.wav,2.8873751061430686,dnsmos
unseen,baseline,18,baseline_18.wav,2.721777051951534,dnsmos
unseen,baseline,19,baseline_19.wav,3.258159358931876,dnsmos
unseen,baseline,20,baseline_20.wav,3.2056645396882466,dnsmos
unseen,clustered,01,clustered_01.wav,2.6079542184380577,dnsmos
unseen,clustered,02,clustered_02.wav,2.925101871258501,dnsmos
unseen,clustered,03,clustered_03.wav,3.101792642595895,dnsmos
unseen,clustered,04,clustered_04.wav,3.0256501763224484,dnsmos
unseen,clustered,05,clustered_05.wav,3.0535944177138763,dnsmos
unseen,clustered,06,clustered_06.wav,3.040508212598235,dnsmos
unseen,clustered,07,clustered_07.wav,3.125348376822796,dnsmos
unseen,clustered,08,clustered_08.wav,2.8187320933102487,dnsmos
unseen,clustered,09,clustered_09.wav,3.0828314839455624,dnsmos
unseen,clustered,10,clustered_10.wav,2.90226609043604,dnsmos
unseen,clustered,11,clustered_11.wav,3.085539676721957,dnsmos
unseen,clustered,12,clustered_12.wav,2.770150868429104,dnsmos
unseen,clustered,13,clustered_13.wav,3.1410644089774045,dnsmos
unseen,clustered,14,clustered_14.wav,3.0856036127604836,dnsmos
unseen,clustered,15,clustered_15.wav,3.3075899903470765,dnsmos
unseen,clustered,16,clustered_16.wav,2.961078612556225,dnsmos
unseen,clustered,17,clustered_17.wav,2.776686817469875,dnsmos
unseen,clustered,18,clustered_18.wav,2.884885093765785,dnsmos
unseen,clustered,19,clustered_19.wav,3.1702320468038803,dnsmos
unseen,clustered,20,clustered_20.wav,3.2506401675142507,dnsmos
